Record ID,035__a,Collection name,Status,Link to record
106003,jvac_cubanc_43_1_00075116,"War Relocation Authority Photographs of Japanese-American Evacuation and Resettlement, 1942-1945 circa 1941-1947",skipped,https://digicoll.lib.berkeley.edu/record/106003?ln=en
106216,jvac_cubanc_43_1_00078528,"War Relocation Authority Photographs of Japanese-American Evacuation and Resettlement, 1942-1945 circa 1941-1947",skipped,https://digicoll.lib.berkeley.edu/record/106216?ln=en
106231,jvac_cubanc_43_1_00076890,"War Relocation Authority Photographs of Japanese-American Evacuation and Resettlement, 1942-1945 circa 1941-1947",skipped,https://digicoll.lib.berkeley.edu/record/106231?ln=en
106469,jvac_cubanc_43_1_00076889,"War Relocation Authority Photographs of Japanese-American Evacuation and Resettlement, 1942-1945 circa 1941-1947",skipped,https://digicoll.lib.berkeley.edu/record/106469?ln=en
108688,jvac_cubanc_43_1_00074233,"War Relocation Authority Photographs of Japanese-American Evacuation and Resettlement, 1942-1945 circa 1941-1947",skipped,https://digicoll.lib.berkeley.edu/record/108688?ln=en
109012,jvac_cubanc_43_1_00075771,"War Relocation Authority Photographs of Japanese-American Evacuation and Resettlement, 1942-1945 circa 1941-1947",skipped,https://digicoll.lib.berkeley.edu/record/109012?ln=en
109335,jvac_cubanc_43_1_00075770,"War Relocation Authority Photographs of Japanese-American Evacuation and Resettlement, 1942-1945 circa 1941-1947",skipped,https://digicoll.lib.berkeley.edu/record/109335?ln=en
109835,jvac_cubanc_43_1_00073144,"War Relocation Authority Photographs of Japanese-American Evacuation and Resettlement, 1942-1945 circa 1941-1947",skipped,https://digicoll.lib.berkeley.edu/record/109835?ln=en
110211,jvac_cubanc_43_1_00076805,"War Relocation Authority Photographs of Japanese-American Evacuation and Resettlement, 1942-1945 circa 1941-1947",skipped,https://digicoll.lib.berkeley.edu/record/110211?ln=en
110257,jvac_cubanc_43_1_00072793,"War Relocation Authority Photographs of Japanese-American Evacuation and Resettlement, 1942-1945 circa 1941-1947",skipped,https://digicoll.lib.berkeley.edu/record/110257?ln=en
110556,jvac_cubanc_43_1_00077246,"War Relocation Authority Photographs of Japanese-American Evacuation and Resettlement, 1942-1945 circa 1941-1947",skipped,https://digicoll.lib.berkeley.edu/record/110556?ln=en
111185,jvac_cubanc_43_1_00076806,"War Relocation Authority Photographs of Japanese-American Evacuation and Resettlement, 1942-1945 circa 1941-1947",skipped,https://digicoll.lib.berkeley.edu/record/111185?ln=en
128829,examiner-093275_01,Fang family San Francisco Examiner Photograph Archive Negative Files,skipped,https://digicoll.lib.berkeley.edu/record/128829?ln=en
130608,examiner-095355UU_03,Fang family San Francisco Examiner Photograph Archive Negative Files,skipped,https://digicoll.lib.berkeley.edu/record/130608?ln=en
227896,examiner-092390_03,Fang family San Francisco Examiner Photograph Archive Negative Files,skipped,https://digicoll.lib.berkeley.edu/record/227896?ln=en
